
INSERT INTO evt.tb_professor
(nm_first_name, nm_last_name, tx_email, dh_insertion)
VALUES('Admin', 'Admin', 'admin@admin.com', now());

INSERT INTO evt.tb_professor
(nm_first_name, nm_last_name, tx_email, dh_insertion)
VALUES('Daniel', 'De Oliveira', 'daniel@gmail.com', now());

INSERT INTO evt.tb_professor
(nm_first_name, nm_last_name, tx_email, dh_insertion)
VALUES('Anderson', 'Nascimento', 'anderson@gmail.com', now());

-- TB_Term
INSERT INTO evt.tb_term
(cd_term, nm_term, dh_insertion)
VALUES('1', '1º Período', '2020-02-12 17:17:05');

INSERT INTO evt.tb_term
(cd_term, nm_term, dh_insertion)
VALUES('2', '2º Período', '2020-02-12 17:17:05');

INSERT INTO evt.tb_term
(cd_term, nm_term, dh_insertion)
VALUES('3', '3º Período', '2020-02-12 17:17:05');

INSERT INTO evt.tb_term
(cd_term, nm_term, dh_insertion)
VALUES('4', '4º Período', '2020-02-12 17:17:05');

INSERT INTO evt.tb_term
(cd_term, nm_term, dh_insertion)
VALUES('5', '5º Período', '2020-02-12 17:17:05');

INSERT INTO evt.tb_term
(cd_term, nm_term, dh_insertion)
VALUES('6', '6º Período', '2020-02-12 17:17:05');

INSERT INTO evt.tb_term
(cd_term, nm_term, dh_insertion)
VALUES('7', '7º Período', '2020-02-12 17:17:05');

INSERT INTO evt.tb_term
(cd_term, nm_term, dh_insertion)
VALUES('8', '8º Período', '2020-02-12 17:17:05');

INSERT INTO evt.tb_term
(cd_term, nm_term, dh_insertion)
VALUES('9', '9º Período', '2020-02-12 17:17:05');

INSERT INTO evt.tb_term
(cd_term, nm_term, dh_insertion)
VALUES('10', '10º Período', '2020-02-12 17:17:05');

INSERT INTO evt.tb_term
(cd_term, nm_term, dh_insertion)
VALUES('11', '11º Período', '2020-02-12 17:17:05');

INSERT INTO evt.tb_term
(cd_term, nm_term, dh_insertion)
VALUES('12', '12º Período', '2020-02-12 17:17:05');

-- TB_Local
INSERT INTO evt.tb_local
(nm_local, cd_room, cd_floor, cd_zip_code, cd_location_number, tx_complement, dh_insertion)
VALUES('Cinema 2 Shopping Unigranrio', '2', '3', '25071-202', '1160', 'Cinema 2', now());


-- TB_Study_Field
INSERT into evt.tb_study_field (nm_study_field, dh_insertion) VALUES('Ciências Agrárias', now());
INSERT INTO evt.tb_study_field (nm_study_field, dh_insertion) VALUES('Ciências Biológicas', now());
INSERT INTO evt.tb_study_field (nm_study_field, dh_insertion) VALUES('Ciências da Saúde', now());
INSERT INTO evt.tb_study_field (nm_study_field, dh_insertion) VALUES('Ciências Exatas e da Terra', now());
INSERT INTO evt.tb_study_field (nm_study_field, dh_insertion) VALUES('Ciências Humanas', now());
INSERT INTO evt.tb_study_field (nm_study_field, dh_insertion) VALUES('Ciências Sociais Aplicadas', now());
INSERT INTO evt.tb_study_field (nm_study_field, dh_insertion) VALUES('Engenharias', now());
INSERT INTO evt.tb_study_field (nm_study_field, dh_insertion) VALUES('Linguística, Letras E Artes', now());


-- TB_Professor
insert into evt.tb_professor (nm_first_name, nm_last_name, tx_email, dh_insertion) values ('Pablo', 'O''Lehane', 'polehane0@drupal.org', '2020-01-15');
insert into evt.tb_professor (nm_first_name, nm_last_name, tx_email, dh_insertion) values ('Shaw', 'Geistbeck', 'sgeistbeck1@tamu.edu', '2019-06-10');
insert into evt.tb_professor (nm_first_name, nm_last_name, tx_email, dh_insertion) values ('Hester', 'Kiddey', 'hkiddey2@whitehouse.gov', '2019-12-08');
insert into evt.tb_professor (nm_first_name, nm_last_name, tx_email, dh_insertion) values ('Waldon', 'Kynoch', 'wkynoch3@yandex.ru', '2019-12-07');
insert into evt.tb_professor (nm_first_name, nm_last_name, tx_email, dh_insertion) values ('Eldredge', 'Lamburne', 'elamburne4@cisco.com', '2019-07-29');
insert into evt.tb_professor (nm_first_name, nm_last_name, tx_email, dh_insertion) values ('Merry', 'Farndell', 'mfarndell5@admin.ch', '2020-01-26');
insert into evt.tb_professor (nm_first_name, nm_last_name, tx_email, dh_insertion) values ('Ariana', 'Bruyntjes', 'abruyntjes6@dyndns.org', '2019-03-29');
insert into evt.tb_professor (nm_first_name, nm_last_name, tx_email, dh_insertion) values ('Pam', 'Farguhar', 'pfarguhar7@flavors.me', '2019-08-15');
insert into evt.tb_professor (nm_first_name, nm_last_name, tx_email, dh_insertion) values ('Jerry', 'Casoni', 'jcasoni8@tinypic.com', '2019-09-13');
insert into evt.tb_professor (nm_first_name, nm_last_name, tx_email, dh_insertion) values ('Maurine', 'Vanne', 'mvanne9@mayoclinic.com', '2019-05-07');
insert into evt.tb_professor (nm_first_name, nm_last_name, tx_email, dh_insertion) values ('Putnam', 'MacGray', 'pmacgraya@amazon.co.jp', '2020-01-23');
insert into evt.tb_professor (nm_first_name, nm_last_name, tx_email, dh_insertion) values ('Iolande', 'Giacaponi', 'igiacaponib@baidu.com', '2019-08-21');
insert into evt.tb_professor (nm_first_name, nm_last_name, tx_email, dh_insertion) values ('Arielle', 'Ziehms', 'aziehmsc@webmd.com', '2019-12-10');
insert into evt.tb_professor (nm_first_name, nm_last_name, tx_email, dh_insertion) values ('Laney', 'Carmont', 'lcarmontd@desdev.cn', '2020-01-26');
insert into evt.tb_professor (nm_first_name, nm_last_name, tx_email, dh_insertion) values ('Candida', 'Dockrell', 'cdockrelle@ihg.com', '2019-11-23');
insert into evt.tb_professor (nm_first_name, nm_last_name, tx_email, dh_insertion) values ('Abel', 'Ryrie', 'aryrief@sfgate.com', '2019-03-02');
insert into evt.tb_professor (nm_first_name, nm_last_name, tx_email, dh_insertion) values ('Jackson', 'Durnall', 'jdurnallg@si.edu', '2019-06-22');
insert into evt.tb_professor (nm_first_name, nm_last_name, tx_email, dh_insertion) values ('Kimberlee', 'Aucutt', 'kaucutth@sbwire.com', '2019-06-20');
insert into evt.tb_professor (nm_first_name, nm_last_name, tx_email, dh_insertion) values ('Carlye', 'Wurst', 'cwursti@irs.gov', '2019-05-23');
insert into evt.tb_professor (nm_first_name, nm_last_name, tx_email, dh_insertion) values ('Janna', 'Gyngyll', 'jgyngyllj@rakuten.co.jp', '2019-09-22');
insert into evt.tb_professor (nm_first_name, nm_last_name, tx_email, dh_insertion) values ('Ursola', 'Caisley', 'ucaisleyk@ovh.net', '2019-04-04');
insert into evt.tb_professor (nm_first_name, nm_last_name, tx_email, dh_insertion) values ('Mabel', 'Sweetman', 'msweetmanl@imageshack.us', '2019-08-09');
insert into evt.tb_professor (nm_first_name, nm_last_name, tx_email, dh_insertion) values ('Auria', 'MacEntee', 'amacenteem@google.es', '2019-12-26');
insert into evt.tb_professor (nm_first_name, nm_last_name, tx_email, dh_insertion) values ('Gladi', 'Twidle', 'gtwidlen@umn.edu', '2019-07-28');
insert into evt.tb_professor (nm_first_name, nm_last_name, tx_email, dh_insertion) values ('Beatrice', 'Scading', 'bscadingo@smh.com.au', '2019-12-28');
insert into evt.tb_professor (nm_first_name, nm_last_name, tx_email, dh_insertion) values ('Brnaby', 'Grimsdike', 'bgrimsdikep@geocities.jp', '2019-12-18');
insert into evt.tb_professor (nm_first_name, nm_last_name, tx_email, dh_insertion) values ('Hyatt', 'Claire', 'hclaireq@cbsnews.com', '2019-04-09');
insert into evt.tb_professor (nm_first_name, nm_last_name, tx_email, dh_insertion) values ('Ase', 'McElvogue', 'amcelvoguer@reddit.com', '2019-06-05');
insert into evt.tb_professor (nm_first_name, nm_last_name, tx_email, dh_insertion) values ('Clemente', 'McQuilkin', 'cmcquilkins@elegantthemes.com', '2019-11-10');
insert into evt.tb_professor (nm_first_name, nm_last_name, tx_email, dh_insertion) values ('Niel', 'Wakeham', 'nwakehamt@hibu.com', '2019-09-23');
insert into evt.tb_professor (nm_first_name, nm_last_name, tx_email, dh_insertion) values ('Syman', 'Lummasana', 'slummasanau@instagram.com', '2019-05-24');
insert into evt.tb_professor (nm_first_name, nm_last_name, tx_email, dh_insertion) values ('Doy', 'Greiswood', 'dgreiswoodv@state.tx.us', '2019-05-03');
insert into evt.tb_professor (nm_first_name, nm_last_name, tx_email, dh_insertion) values ('Ronalda', 'Broadbent', 'rbroadbentw@walmart.com', '2019-06-11');
insert into evt.tb_professor (nm_first_name, nm_last_name, tx_email, dh_insertion) values ('Des', 'Colquhoun', 'dcolquhounx@tiny.cc', '2019-02-15');
insert into evt.tb_professor (nm_first_name, nm_last_name, tx_email, dh_insertion) values ('Nicholas', 'Claringbold', 'nclaringboldy@bloglines.com', '2019-09-01');
insert into evt.tb_professor (nm_first_name, nm_last_name, tx_email, dh_insertion) values ('Merilyn', 'Michurin', 'mmichurinz@tuttocitta.it', '2019-12-09');
insert into evt.tb_professor (nm_first_name, nm_last_name, tx_email, dh_insertion) values ('Tonnie', 'Halleday', 'thalleday10@zimbio.com', '2019-03-20');
insert into evt.tb_professor (nm_first_name, nm_last_name, tx_email, dh_insertion) values ('Iona', 'Swanton', 'iswanton11@bravesites.com', '2019-09-01');
insert into evt.tb_professor (nm_first_name, nm_last_name, tx_email, dh_insertion) values ('Laverna', 'Cheatle', 'lcheatle12@hhs.gov', '2019-02-16');
insert into evt.tb_professor (nm_first_name, nm_last_name, tx_email, dh_insertion) values ('Rees', 'Mohun', 'rmohun13@prweb.com', '2020-02-09');
insert into evt.tb_professor (nm_first_name, nm_last_name, tx_email, dh_insertion) values ('Zita', 'Jefferys', 'zjefferys14@multiply.com', '2019-04-27');
insert into evt.tb_professor (nm_first_name, nm_last_name, tx_email, dh_insertion) values ('Sena', 'Cundict', 'scundict15@google.fr', '2020-01-15');
insert into evt.tb_professor (nm_first_name, nm_last_name, tx_email, dh_insertion) values ('Luz', 'Willisch', 'lwillisch16@desdev.cn', '2019-10-01');
insert into evt.tb_professor (nm_first_name, nm_last_name, tx_email, dh_insertion) values ('Stanley', 'Morstatt', 'smorstatt17@woothemes.com', '2020-01-19');


-- TB_Course
INSERT INTO evt.tb_course (id_professor_coordinator, id_study_field, nm_course, dh_insertion) VALUES(3, 8, 'Administração', now());
INSERT INTO evt.tb_course (id_professor_coordinator, id_study_field, nm_course, dh_insertion) VALUES(4, 7, 'Análise e Desenvolvimento de Sistemas', now());
INSERT INTO evt.tb_course (id_professor_coordinator, id_study_field, nm_course, dh_insertion) VALUES(5, 1, 'Arquitetura e Urbanismo', now());
INSERT INTO evt.tb_course (id_professor_coordinator, id_study_field, nm_course, dh_insertion) VALUES(6, 6, 'Bacharelado em Direito', now());
INSERT INTO evt.tb_course (id_professor_coordinator, id_study_field, nm_course, dh_insertion) VALUES(7, 3, 'Biomedicina', now());
INSERT INTO evt.tb_course (id_professor_coordinator, id_study_field, nm_course, dh_insertion) VALUES(8, 7, 'Ciências Biológicas', now());
INSERT INTO evt.tb_course (id_professor_coordinator, id_study_field, nm_course, dh_insertion) VALUES(9, 2, 'Ciências Contábeis', now());
INSERT INTO evt.tb_course (id_professor_coordinator, id_study_field, nm_course, dh_insertion) VALUES(10, 7, 'Ciências Econômicas', now());
INSERT INTO evt.tb_course (id_professor_coordinator, id_study_field, nm_course, dh_insertion) VALUES(11, 1, 'Design Gráfico', now());
INSERT INTO evt.tb_course (id_professor_coordinator, id_study_field, nm_course, dh_insertion) VALUES(12, 2, 'Design de Moda', now());
INSERT INTO evt.tb_course (id_professor_coordinator, id_study_field, nm_course, dh_insertion) VALUES(13, 5, 'Educação Física', now());
INSERT INTO evt.tb_course (id_professor_coordinator, id_study_field, nm_course, dh_insertion) VALUES(14, 8, 'Enfermagem', now());
INSERT INTO evt.tb_course (id_professor_coordinator, id_study_field, nm_course, dh_insertion) VALUES(15, 4, 'Engenharia Civil', now());
INSERT INTO evt.tb_course (id_professor_coordinator, id_study_field, nm_course, dh_insertion) VALUES(16, 4, 'Engenharia Química', now());
INSERT INTO evt.tb_course (id_professor_coordinator, id_study_field, nm_course, dh_insertion) VALUES(17, 4, 'Engenharia de Produção', now());
INSERT INTO evt.tb_course (id_professor_coordinator, id_study_field, nm_course, dh_insertion) VALUES(18, 4, 'Estética e Cosmética', now());
INSERT INTO evt.tb_course (id_professor_coordinator, id_study_field, nm_course, dh_insertion) VALUES(19, 1, 'Farmácia', now());
INSERT INTO evt.tb_course (id_professor_coordinator, id_study_field, nm_course, dh_insertion) VALUES(20, 5, 'Fisioterapia', now());
INSERT INTO evt.tb_course (id_professor_coordinator, id_study_field, nm_course, dh_insertion) VALUES(21, 4, 'Física', now());
INSERT INTO evt.tb_course (id_professor_coordinator, id_study_field, nm_course, dh_insertion) VALUES(22, 1, 'Gestao Comercial', now());
INSERT INTO evt.tb_course (id_professor_coordinator, id_study_field, nm_course, dh_insertion) VALUES(23, 4, 'Gestão Ambiental', now());
INSERT INTO evt.tb_course (id_professor_coordinator, id_study_field, nm_course, dh_insertion) VALUES(24, 7, 'Gestão Financeira', now());
INSERT INTO evt.tb_course (id_professor_coordinator, id_study_field, nm_course, dh_insertion) VALUES(25, 3, 'Gestão de Recursos Humanos', now());
INSERT INTO evt.tb_course (id_professor_coordinator, id_study_field, nm_course, dh_insertion) VALUES(26, 7, 'História', now());
INSERT INTO evt.tb_course (id_professor_coordinator, id_study_field, nm_course, dh_insertion) VALUES(27, 2, 'Jornalismo', now());
INSERT INTO evt.tb_course (id_professor_coordinator, id_study_field, nm_course, dh_insertion) VALUES(28, 8, 'Letras', now());
INSERT INTO evt.tb_course (id_professor_coordinator, id_study_field, nm_course, dh_insertion) VALUES(29, 5, 'Letras Português - Inglês', now());
INSERT INTO evt.tb_course (id_professor_coordinator, id_study_field, nm_course, dh_insertion) VALUES(30, 5, 'Logística', now());
INSERT INTO evt.tb_course (id_professor_coordinator, id_study_field, nm_course, dh_insertion) VALUES(31, 7, 'Marketing', now());
INSERT INTO evt.tb_course (id_professor_coordinator, id_study_field, nm_course, dh_insertion) VALUES(32, 1, 'Matemática', now());
INSERT INTO evt.tb_course (id_professor_coordinator, id_study_field, nm_course, dh_insertion) VALUES(33, 6, 'Medicina', now());
INSERT INTO evt.tb_course (id_professor_coordinator, id_study_field, nm_course, dh_insertion) VALUES(34, 1, 'Medicina Veterinária', now());
INSERT INTO evt.tb_course (id_professor_coordinator, id_study_field, nm_course, dh_insertion) VALUES(35, 8, 'Nutrição', now());
INSERT INTO evt.tb_course (id_professor_coordinator, id_study_field, nm_course, dh_insertion) VALUES(36, 7, 'Odontologia', now());
INSERT INTO evt.tb_course (id_professor_coordinator, id_study_field, nm_course, dh_insertion) VALUES(37, 8, 'Pedagogia', now());
INSERT INTO evt.tb_course (id_professor_coordinator, id_study_field, nm_course, dh_insertion) VALUES(38, 5, 'Processos Gerenciais', now());
INSERT INTO evt.tb_course (id_professor_coordinator, id_study_field, nm_course, dh_insertion) VALUES(39, 3, 'Psicologia', now());
INSERT INTO evt.tb_course (id_professor_coordinator, id_study_field, nm_course, dh_insertion) VALUES(40, 5, 'Publicidade e Propaganda', now());
INSERT INTO evt.tb_course (id_professor_coordinator, id_study_field, nm_course, dh_insertion) VALUES(41, 8, 'Química', now());
INSERT INTO evt.tb_course (id_professor_coordinator, id_study_field, nm_course, dh_insertion) VALUES(42, 3, 'Radiologia', now());
INSERT INTO evt.tb_course (id_professor_coordinator, id_study_field, nm_course, dh_insertion) VALUES(43, 1, 'Redes de Computadores', now());
INSERT INTO evt.tb_course (id_professor_coordinator, id_study_field, nm_course, dh_insertion) VALUES(44, 3, 'Serviço Social', now());
INSERT INTO evt.tb_course (id_professor_coordinator, id_study_field, nm_course, dh_insertion) VALUES(45, 8, 'Sistemas de Informação', now());
INSERT INTO evt.tb_course (id_professor_coordinator, id_study_field, nm_course, dh_insertion) VALUES(46, 8, 'Teologia', now());
INSERT INTO evt.tb_course (id_professor_coordinator, id_study_field, nm_course, dh_insertion) VALUES(47, 8, 'Web Design - Sistemas para internet', now());


-- TB_Student
INSERT INTO evt.tb_student
(id_course, id_term, nm_first_name, nm_last_name, tx_email, qt_complementary_hours, dh_insertion)
VALUES(1, 1, 'Admin', 'Admin', 'admin@admin.com', 10, now());

INSERT INTO evt.tb_student
(id_course, id_term, nm_first_name, nm_last_name, tx_email, qt_complementary_hours, dh_insertion)
VALUES(45, 8, 'Vitor', 'Figueira Martins', 'vitorfigmartins@gmail.com', 200, now());


-- TB_Event
insert into evt.tb_event (id_local, id_host_professor, nm_event, tx_description, tx_target_audience, qt_vacancy, qt_hours, dt_event, hr_opening, hr_ending, dh_insertion) values (1, 23, 'suspendisse potenti cras in purus eu magna vulputate luctus cum', 'consequat metus sapien ut nunc vestibulum ante ipsum primis in faucibus orci luctus et ultrices posuere cubilia curae mauris viverra diam vitae quam suspendisse potenti nullam porttitor lacus at turpis donec posuere', 'nec condimentum neque sapien placerat', 100, 23, '2019-08-13', '9:00', '12:00', '2019-04-30');
insert into evt.tb_event (id_local, id_host_professor, nm_event, tx_description, tx_target_audience, qt_vacancy, qt_hours, dt_event, hr_opening, hr_ending, dh_insertion) values (1, 42, 'quam pede lobortis ligula', 'aliquam sit amet diam in magna bibendum imperdiet nullam orci pede venenatis non sodales sed tincidunt eu felis fusce posuere felis sed lacus morbi sem mauris laoreet ut rhoncus aliquet pulvinar sed nisl nunc rhoncus dui vel sem sed sagittis nam congue risus semper porta volutpat', 'tincidunt eu felis', 61, 30, '2019-05-26', '9:00', '12:00', '2019-03-17');
insert into evt.tb_event (id_local, id_host_professor, nm_event, tx_description, tx_target_audience, qt_vacancy, qt_hours, dt_event, hr_opening, hr_ending, dh_insertion) values (1, 43, 'dui maecenas tristique est et tempus semper', 'posuere felis sed lacus morbi sem mauris laoreet ut rhoncus aliquet pulvinar sed nisl nunc rhoncus dui vel sem sed sagittis nam congue risus semper porta volutpat quam pede', 'eget rutrum at lorem', 63, 27, '2019-05-22', '9:00', '12:00', '2019-07-19');
insert into evt.tb_event (id_local, id_host_professor, nm_event, tx_description, tx_target_audience, qt_vacancy, qt_hours, dt_event, hr_opening, hr_ending, dh_insertion) values (1, 43, 'convallis duis consequat dui nec nisi', 'convallis eget eleifend luctus ultricies eu nibh quisque id justo sit amet sapien dignissim vestibulum vestibulum ante ipsum primis in faucibus orci luctus et ultrices posuere cubilia curae nulla dapibus dolor vel est donec odio justo sollicitudin ut suscipit a feugiat et eros vestibulum ac est lacinia nisi venenatis tristique fusce congue diam id ornare imperdiet', 'vel nulla eget eros elementum pellentesque quisque porta volutpat erat', 33, 29, '2019-08-08', '9:00', '12:00', '2020-01-29');
insert into evt.tb_event (id_local, id_host_professor, nm_event, tx_description, tx_target_audience, qt_vacancy, qt_hours, dt_event, hr_opening, hr_ending, dh_insertion) values (1, 41, 'cras in purus eu magna', 'vivamus tortor duis mattis egestas metus aenean fermentum donec ut mauris eget massa tempor convallis nulla neque libero convallis eget eleifend luctus ultricies eu nibh quisque id justo sit amet sapien dignissim vestibulum vestibulum ante ipsum primis in faucibus orci luctus et ultrices posuere cubilia curae nulla dapibus dolor vel est donec odio justo sollicitudin ut', 'proin', 39, 14, '2020-05-15', '9:00', '12:00', '2019-04-01');
insert into evt.tb_event (id_local, id_host_professor, nm_event, tx_description, tx_target_audience, qt_vacancy, qt_hours, dt_event, hr_opening, hr_ending, dh_insertion) values (1, 33, 'turpis integer aliquet massa id lobortis convallis tortor risus', 'in blandit ultrices enim lorem ipsum dolor sit amet consectetuer adipiscing elit proin interdum mauris non ligula pellentesque ultrices phasellus id sapien in sapien iaculis congue vivamus metus arcu adipiscing molestie hendrerit at vulputate vitae nisl', 'fusce', 27, 28, '2019-09-25', '9:00', '12:00', '2019-05-07');
insert into evt.tb_event (id_local, id_host_professor, nm_event, tx_description, tx_target_audience, qt_vacancy, qt_hours, dt_event, hr_opening, hr_ending, dh_insertion) values (1, 15, 'consequat dui nec nisi volutpat eleifend', 'hac habitasse platea dictumst maecenas ut massa quis augue luctus tincidunt nulla mollis molestie lorem quisque ut erat curabitur gravida nisi at nibh in hac habitasse platea dictumst aliquam augue quam sollicitudin vitae consectetuer eget rutrum at lorem integer tincidunt ante vel ipsum praesent blandit lacinia erat vestibulum sed magna at nunc', 'nulla sed vel enim sit', 80, 23, '2019-07-28', '9:00', '12:00', '2019-03-18');
insert into evt.tb_event (id_local, id_host_professor, nm_event, tx_description, tx_target_audience, qt_vacancy, qt_hours, dt_event, hr_opening, hr_ending, dh_insertion) values (1, 37, 'sit amet erat nulla tempus vivamus', 'sociis natoque penatibus et magnis dis parturient montes nascetur ridiculus mus vivamus vestibulum sagittis sapien cum sociis natoque penatibus et magnis dis parturient montes nascetur ridiculus mus etiam vel augue vestibulum rutrum rutrum neque aenean auctor gravida sem praesent id massa id nisl venenatis lacinia aenean sit amet justo morbi ut odio cras mi pede malesuada in imperdiet', 'ut ultrices vel augue vestibulum ante ipsum primis', 65, 23, '2019-06-12', '9:00', '12:00', '2019-08-06');
insert into evt.tb_event (id_local, id_host_professor, nm_event, tx_description, tx_target_audience, qt_vacancy, qt_hours, dt_event, hr_opening, hr_ending, dh_insertion) values (1, 21, 'sapien iaculis congue vivamus metus arcu adipiscing', 'donec diam neque vestibulum eget vulputate ut ultrices vel augue vestibulum ante ipsum primis in faucibus orci luctus et ultrices posuere cubilia curae donec pharetra magna vestibulum', 'consectetuer eget rutrum at lorem integer tincidunt ante vel', 28, 19, '2019-04-10', '9:00', '12:00', '2019-05-10');
insert into evt.tb_event (id_local, id_host_professor, nm_event, tx_description, tx_target_audience, qt_vacancy, qt_hours, dt_event, hr_opening, hr_ending, dh_insertion) values (1, 35, 'ac nibh fusce lacus purus aliquet', 'ipsum integer a nibh in quis justo maecenas rhoncus aliquam lacus morbi quis tortor id nulla ultrices aliquet maecenas leo odio condimentum id luctus nec molestie sed justo pellentesque viverra pede ac diam cras pellentesque volutpat dui maecenas tristique est et', 'lorem ipsum dolor sit amet', 74, 11, '2019-04-09', '9:00', '12:00', '2019-11-18');

-- TB_Event_Course
insert into evt.tb_event_course (id_event, id_course, dh_insertion) values (8, 26, '2020-01-07');
insert into evt.tb_event_course (id_event, id_course, dh_insertion) values (2, 8, '2019-05-25');
insert into evt.tb_event_course (id_event, id_course, dh_insertion) values (6, 16, '2019-02-23');
insert into evt.tb_event_course (id_event, id_course, dh_insertion) values (8, 1, '2019-11-17');
insert into evt.tb_event_course (id_event, id_course, dh_insertion) values (6, 31, '2019-10-19');
insert into evt.tb_event_course (id_event, id_course, dh_insertion) values (2, 20, '2019-11-19');
insert into evt.tb_event_course (id_event, id_course, dh_insertion) values (6, 42, '2019-07-24');
insert into evt.tb_event_course (id_event, id_course, dh_insertion) values (8, 21, '2019-08-18');
insert into evt.tb_event_course (id_event, id_course, dh_insertion) values (4, 32, '2019-08-22');
insert into evt.tb_event_course (id_event, id_course, dh_insertion) values (8, 41, '2019-07-21');
insert into evt.tb_event_course (id_event, id_course, dh_insertion) values (11, 14, '2019-11-24');
insert into evt.tb_event_course (id_event, id_course, dh_insertion) values (4, 44, '2020-01-05');
insert into evt.tb_event_course (id_event, id_course, dh_insertion) values (7, 43, '2019-06-10');
insert into evt.tb_event_course (id_event, id_course, dh_insertion) values (4, 4, '2019-04-10');
insert into evt.tb_event_course (id_event, id_course, dh_insertion) values (10, 17, '2019-06-04');

